은행명(1),ⓐ지로코드(2),지로코드 수정,특/광/도(9),구/시/군(10),구/읍/면/동(11),도로명(19),건물번호 등(20),결합주소_temp,결합주소,depth_1,depth_2,depth_3,From_금결
산업은행,27847,0027847,부산광역시,강서구,송정동,녹산산단335로,04월 19일,부산광역시 강서구 녹산산단335로,부산광역시 강서구 녹산산단335로 1205,부산,강서구,명지동,부산광역시　강서구　명지국제２로　８０　２층（명지동，　ｅ편한세상　명지）　　　　　　　　　　　　　
산업은행,27245,0027245,경기도,군포시,산본동,산본천로,Jun-43,경기도 군포시 산본천로,경기도 군포시 산본천로 15858,경기,군포시,산본동,경기도　군포시　산본천로　４３－６　　　　　　　　　　　　　　　　　　　　　　　　　　　　　　　　　
농협은행,100052,0100052,세종특별자치시,,나성동,노을4로,13,세종특별자치시  노을4로,세종특별자치시  노을4로 13,세종특별자치시,,나성동,세종특별자치시　　정부２청사로　１３　　　　　　　　　　　　　　　　　　　　　　　　　　　　　　　　
농협은행,101941,0101941,경기도,용인시,수지구,만현로,Apr-82,경기도 용인시 만현로,경기도 용인시 만현로 30042,경기,용인시 수지구,상현동,경기도　용인시　수지구　만현로　８２－４　　　　　　　　　　　　　　　　　　　　　　　　　　　　　　
농협은행,102186,0102186,경기도,고양시,일산서구,한류월드로,408,경기도 고양시 한류월드로,경기도 고양시 한류월드로 408,NAN,NAN,NAN,경기도　고양시　일산서구　킨텍스로　２１７－６０　제１킨텍스내　１층　　　　　　　　　　　　　　　　
농협은행,103143,0103143,인천광역시,서구,백석동,거월로,61,인천광역시 서구 거월로,인천광역시 서구 거월로 61,인천,서구,백석동,인천광역시　서구　자원순환로　１７０　수도권매립지관리공사　복지동　１층　　　　　　　　　　　　　　
농협은행,103758,0103758,경기도,용인시,기흥구,동백3로11번길,08월 01일,경기도 용인시 동백3로11번길,경기도 용인시 동백3로11번길 44774,경기,용인시 기흥구,중동,경기도　용인시　기흥구　동백３로１１번길　８－１　　제일프라자　２층　　　　　　　　　　　　　　　　
농협은행,104171,0104171,서울특별시,강서구,가양2동,양천로57길,09월 07일,서울특별시 강서구 양천로57길,서울특별시 강서구 양천로57길 44811,서울,강서구,가양동,서울특별시　강서구　양천로５７길　９－７　　　　　　　　　　　　　　　　　　　　　　　　　　　　　　
농협은행,104249,0104249,경상북도,경산시,진량읍,공단6로24길,09월 23일,경상북도 경산시 공단6로24길,경상북도 경산시 공단6로24길 44827,경북,경산시,진량읍 신상리,경상북도　경산시　진량읍　공단６로２４길　２３－９　　　　　　　　　　　　　　　　　　　　　　　　　
농협은행,104689,0104689,충청남도,태안군,태안읍,중앙로,68,충청남도 태안군 중앙로,충청남도 태안군 중앙로 68,NAN,NAN,NAN,충청남도　태안군　태안읍　중앙로　６８　　　　　　　　　　　　　　　　　　　　　　　　　　　　　　　
농협은행,105345,0105345,충청남도,천안시,서북구,공대길,08월 18일,충청남도 천안시 공대길,충청남도 천안시 공대길 44791,충남,천안시 서북구,부대동,충청남도　천안시　서북구　천안대로　１２２３－２４　　　　　　　　　　　　　　　　　　　　　　　　　
농협은행,105581,0105581,서울특별시,용산구,이태원동,회나무로,4,서울특별시 용산구 회나무로,서울특별시 용산구 회나무로 4,NAN,NAN,NAN,서울특별시　용산구　회나무로　４　　　　　　　　　　　　　　　　　　　　　　　　　　　　　　　　　　
농협은행,106373,0106373,강원도,속초시,대포동,대포항희망1길,Jan-87,강원도 속초시 대포항희망1길,강원도 속초시 대포항희망1길 31778,강원,속초시,대포동,강원도　속초시　대포항희망１길　８７－１　　　　　　　　　　　　　　　　　　　　　　　　　　　　　　
농협은행,110440,0110440,서울특별시,서초구,서초동,효령로60길,16,서울특별시 서초구 효령로60길,서울특별시 서초구 효령로60길 16,서울,서초구,서초동,서울특별시　서초구　서초중앙로　６２　우일빌딩　１층　농협은행　　　　　　　　　　　　　　　　　　　
농협은행,110453,0110453,서울특별시,은평구,응암동,은평로,244,서울특별시 은평구 은평로,서울특별시 은평구 은평로 244,서울,은평구,응암동,서울특별시　은평구　은평로　２４０　힐스테이트녹번역상가　Ｂ３３２호　　　　　　　　　　　　　　　　
농협은행,111106,0111106,경기도,군포시,산본동,산본로323번길,05월 16일,경기도 군포시 산본로323번길,경기도 군포시 산본로323번길 44697,경기,군포시,산본동,경기도　군포시　산본로３２３번길　１６－５　　　　　　　　　　　　　　　　　　　　　　　　　　　　　
농협은행,111229,0111229,경기도,수원시,장안구,조원로,01월 16일,경기도 수원시 조원로,경기도 수원시 조원로 44577,경기,수원시 장안구,조원동,경기도　수원시　장안구　조원로　１６－１　　　　　　　　　　　　　　　　　　　　　　　　　　　　　　
농협은행,111821,0111821,경기도,여주시,여주읍,현암로,12월 21일,경기도 여주시 현암로,경기도 여주시 현암로 44916,경기,여주시,현암동,경기도　여주시　현암로　２１－１２　수원지방법원　여주지원내　　　　　　　　　　　　　　　　　　　　
농협은행,112134,0112134,강원도,원주시,태장2동,북원로,20-Jan,강원도 원주시 북원로,강원도 원주시 북원로 299500,강원,원주시,태장동,강원도　원주시　북원로　２７２０－１　（태장２동　１３６５－２번지）　　　　　　　　　　　　　　　　
농협은행,112312,0112312,강원도,정선군,사북읍,사북중앙로,01월 13일,강원도 정선군 사북중앙로,강원도 정선군 사북중앙로 44574,강원,정선군,사북읍 사북리,강원도　정선군　사북읍　사북중앙로　１３－１　　　　　　　　　　　　　　　　　　　　　　　　　　　　
농협은행,112325,0112325,충청남도,서산시,해미면,신성로,330-1,충청남도 서산시 신성로,충청남도 서산시 신성로 330-1,NAN,NAN,NAN,충청남도　서산시　고북면　신성로　３３０　　　　　　　　　　　　　　　　　　　　　　　　　　　　　　
농협은행,112914,0112914,경상북도,영덕군,영덕읍,화개길,09월 03일,경상북도 영덕군 화개길,경상북도 영덕군 화개길 44807,경북,영덕군,영덕읍 남석리,경상북도　영덕군　영덕읍　화개길　９－３　　　　　　　　　　　　　　　　　　　　　　　　　　　　　　
농협은행,113230,0113230,충청북도,괴산군,괴산읍,읍내로15길,08월 23일,충청북도 괴산군 읍내로15길,충청북도 괴산군 읍내로15길 44796,충북,괴산군,괴산읍 서부리,충청북도　괴산군　괴산읍　읍내로１５길　２３－８　　　　　　　　　　　　　　　　　　　　　　　　　　
농협은행,113735,0113735,서울특별시,마포구,합정동,독막로,01월 25일,서울특별시 마포구 독막로,서울특별시 마포구 독막로 44586,서울,마포구,서교동,서울특별시　마포구　양화로　９２　３층　　　　　　　　　　　　　　　　　　　　　　　　　　　　　　　
농협은행,114488,0114488,충청남도,계룡시,신도안면,계룡대로,663,충청남도 계룡시 계룡대로,충청남도 계룡시 계룡대로 663,NAN,NAN,NAN,충청남도　계룡시　신도안면　계룡대로　６６３　　　　　　　　　　　　　　　　　　　　　　　　　　　　
농협은행,114527,0114527,광주광역시,북구,신용동,첨단연신로,108-22,광주광역시 북구 첨단연신로,광주광역시 북구 첨단연신로 108-22,광주,북구,신용동,광주광역시　북구　첨단연신로１０８번길　２２　　　　　　　　　　　　　　　　　　　　　　　　　　　　
농협은행,114967,0114967,충청남도,예산군,예산읍,사직로,33,충청남도 예산군 사직로,충청남도 예산군 사직로 33,충남,예산군,예산읍 예산리,충청남도　예산군　예산읍　군청로　２２　　　　　　　　　　　　　　　　　　　　　　　　　　　　　　　
농협은행,115526,0115526,경기도,의정부시,의정부1동,시민로,115,경기도 의정부시 시민로,경기도 의정부시 시민로 115,경기,의정부시,의정부동,경기도　의정부시　태평로７３번길　５５，　２층　　　　　　　　　　　　　　　　　　　　　　　　　　　
농협은행,115966,0115966,대전광역시,서구,탄방동,문정로48번길,13,대전광역시 서구 문정로48번길,대전광역시 서구 문정로48번길 13,대전,서구,탄방동,대전광역시　서구　문정로４８번길　４８　　　　　　　　　　　　　　　　　　　　　　　　　　　　　　　
농협은행,116156,0116156,광주광역시,동구,지산동,지산로,Jan-73,광주광역시 동구 지산로,광주광역시 동구 지산로 26665,광주,동구,지산동,광주광역시　동구　지산로　７３－１　　　　　　　　　　　　　　　　　　　　　　　　　　　　　　　　　
농협은행,116839,0116839,전라남도,완도군,완도읍,장보고대로248번길,Dec-34,전라남도 완도군 장보고대로248번길,전라남도 완도군 장보고대로248번길 12754,전남,완도군,완도읍 군내리,전라남도　완도군　완도읍　장보고대로２４８번길　３４－１２　　　　　　　　　　　　　　　　　　　　　
농협은행,116907,0116907,경기도,수원시,팔달구,매산로3가,1,경기도 수원시 매산로3가,경기도 수원시 매산로3가 1,경기,수원시 팔달구,매산로3가,경기도　수원시　팔달구　효원로　１　　　　　　　　　　　　　　　　　　　　　　　　　　　　　　　　　
농협은행,116952,0116952,전라남도,목포시,산정동,산정로,01월 18일,전라남도 목포시 산정로,전라남도 목포시 산정로 44579,전남,목포시,산정동,전라남도　목포시　산정로　１８－１　　　　　　　　　　　　　　　　　　　　　　　　　　　　　　　　　
농협은행,117430,0117430,경상북도,포항시,북구,칠성로,12월 17일,경상북도 포항시 칠성로,경상북도 포항시 칠성로 44912,경북,포항시 북구,죽도동,경상북도　포항시　북구　죽도로　３１　　　　　　　　　　　　　　　　　　　　　　　　　　　　　　　　
농협은행,118277,0118277,울산광역시,울주군,언양읍,헌양길,Jan-57,울산광역시 울주군 헌양길,울산광역시 울주군 헌양길 20821,울산,울주군,언양읍 남부리,울산광역시　울주군　언양읍　헌양길　５７－１　　　　　　　　　　　　　　　　　　　　　　　　　　　　
농협은행,118293,0118293,경상남도,진주시,금산면,송백로,46,경상남도 진주시 송백로,경상남도 진주시 송백로 46,NAN,NAN,NAN,경상남도　진주시　금산면　송백로　４６　사서함　３０６－２호　　　　　　　　　　　　　　　　　　　　
농협은행,119001,0119001,강원도,동해시,평릉동,평릉길,Aug-60,강원도 동해시 평릉길,강원도 동해시 평릉길 22129,NAN,NAN,NAN,강원도　동해시　동해대로　５４７５　　　　　　　　　　　　　　　　　　　　　　　　　　　　　　　　　
농협은행,119467,0119467,부산광역시,동래구,온천동,충렬대로107번길,73,부산광역시 동래구 충렬대로107번길,부산광역시 동래구 충렬대로107번길 73,부산,동래구,온천동,부산광역시　동래구　중앙대로１３６７번길　４８　　　　　　　　　　　　　　　　　　　　　　　　　　　
신한은행,219396,0219396,경기도, 광주시, 경안동, 광주대로,31,경기도  광주시  광주대로,경기도  광주시  광주대로 31,경기,광주시,경안동,경기도　광주시　광주대로　３０　　　　　　　　　　　　　　　　　　　　　　　　　　　　　　　　　　　
신한은행,882778,0882778, 경상남도, 진주시, 금산면, 송백로,46, 경상남도  진주시  송백로, 경상남도  진주시  송백로 46,인천,연수구,송도동,인천광역시　연수구　갯벌로　１２　　　　　　　　　　　　　　　　　　　　　　　　　　　　　　　　　　
신한은행,884844,0884844,부산광역시, 강서구, 대저2동, 공항진입로,108,부산광역시  강서구  공항진입로,부산광역시  강서구  공항진입로 108,NAN,NAN,NAN,부산광역시　강서구　공항진입로　１０８　（대저２동）　국제선　청사　　　　　　　　　　　　　　　　　
신한은행,883926,0883926,경상북도, 포항시, 남구, 충무로,70,경상북도  포항시  충무로,경상북도  포항시  충무로 70,서울,양천구,목동,서울특별시　양천구　목동서로　１５９－１　　　　　　　　　　　　　　　　　　　　　　　　　　　　　　
신한은행,217084,0217084,제주특별시, 제주시, 이도일동, 중앙로,166,제주특별시  제주시  중앙로,제주특별시  제주시  중앙로 166,제주특별자치도,제주시,이도일동,제주특별자치도　제주시　중앙로　１６６　　　　　　　　　　　　　　　　　　　　　　　　　　　　　　　
신한은행,269016,0269016,제주특별시, 제주시, 일도일동, 중앙로,31,제주특별시  제주시  중앙로,제주특별시  제주시  중앙로 31,제주특별자치도,제주시,이도일동,제주특별자치도　제주시　중앙로　１６６　　　　　　　　　　　　　　　　　　　　　　　　　　　　　　　
신한은행,218245,0218245,제주특별시, 제주시, 노형동, 연북로,36,제주특별시  제주시  연북로,제주특별시  제주시  연북로 36,제주특별자치도,제주시,노형동,제주특별자치도　제주시　연북로　３６　（노형동）　제이빌딩　１층　　　　　　　　　　　　　　　　　　
신한은행,881766,0881766,제주특별시, 제주시, 용담이동, 공항로,2,제주특별시  제주시  공항로,제주특별시  제주시  공항로 2,NAN,NAN,NAN,제주　제주시　용담２동　제주국제공항　청사　　　　　　　　　　　　　　　　　　　　　　　　　　　　　
신한은행,213664,0213664, 서울특별시, 용산구,청파동3가, 청파로47길,95, 서울특별시  용산구  청파로47길, 서울특별시  용산구  청파로47길 95,서울,용산구,청파동3가,서울　용산구　청파로４７가길　６　（청파동３가）　　　　　　　　　　　　　　　　　　　　　　　　　　
신한은행,882561,0882561,충청남도, 계룡시, 신도안면, 계룡대로,663,충청남도  계룡시  계룡대로,충청남도  계룡시  계룡대로 663,서울,중구,을지로1가,서울　중구　을지로１가　１８８－３　백남빌딩　２층　　　　　　　　　　　　　　　　　　　　　　　　　
신한은행,882817,0882817, 서울특별시, 용산구, 이태원동, 회나무로,4, 서울특별시  용산구  회나무로, 서울특별시  용산구  회나무로 4,NAN,NAN,NAN,서울　용산구　서울용산우체국사서함　２０호　육군중앙경리단　　　　　　　　　　　　　　　　　　　　　
신한은행,885050,0885050,인천광역시, 남구,도화동, 석정로227번길,21,인천광역시  남구  석정로227번길,인천광역시  남구  석정로227번길 21,인천,미추홀구,도화동,인천광역시　미추홀구　석정로　２２５　상수도사업본부　１층　　　　　　　　　　　　　　　　　　　　　
신한은행,885209,0885209,제주특별시, 서귀포시,서귀동, 일주동로,8707,제주특별시  서귀포시  일주동로,제주특별시  서귀포시  일주동로 8707,제주특별자치도,서귀포시,서귀동,제주특별자치도　서귀포시　일주동로　８７０７　（서귀동）　　　　　　　　　　　　　　　　　　　　　　
신한은행,886897,0886897,충청남도, 천안시, 동남구, 문암로,76,충청남도  천안시  문암로,충청남도  천안시  문암로 76,NAN,NAN,NAN,충청남도　천안시　동남구　문암로　７６　（안서동）　　　　　　　　　　　　　　　　　　　　　　　　　
신한은행,884844-1,884844-1,부산광역시, 강서구, 대저2동, 공항진입로,108,부산광역시  강서구  공항진입로,부산광역시  강서구  공항진입로 108,서울,영등포구,여의도동,서울특별시　영등포구　여의대로　５６　２４층　고객지원파트　　　　　　　　　　　　　　　　　　　　　
우리은행,200266,0200266,경기,수원,조원동,송원로109번길,8,경기 수원 송원로109번길,경기 수원 송원로109번길 8,경기,수원시 장안구,조원동,경기도　수원시　장안구　경수대로９７６번길　２２　　　　　　　　　　　　　　　　　　　　　　　　　　
우리은행,200729,0200729,서울,금천구,가산동,디지털로,177,서울 금천구 디지털로,서울 금천구 디지털로 177,서울,금천구,가산동,서울특별시　금천구　디지털로　２００　　　　　　　　　　　　　　　　　　　　　　　　　　　　　　　　
우리은행,201126,0201126,서울,서초구,서초동,서초로,340,서울 서초구 서초로,서울 서초구 서초로 340,서울,서초구,서초동,서울특별시　서초구　서초대로　３４０　　　　　　　　　　　　　　　　　　　　　　　　　　　　　　　　
우리은행,201139,0201139,경기,부천,춘의동,부천로198길,27,경기 부천 부천로198길,경기 부천 부천로198길 27,경기,부천시,춘의동,경기도　부천시　부천로１９８번길　２７　（춘의동）　　　　　　　　　　　　　　　　　　　　　　　　　
우리은행,201414,0201414,서울,강남구,논현동,언주로,710,서울 강남구 언주로,서울 강남구 언주로 710,서울,강남구,논현동,서울특별시　강남구　언주로　６３７　　　　　　　　　　　　　　　　　　　　　　　　　　　　　　　　　
우리은행,202439,0202439,인천,남구,용현동,낙성서로,4,인천 남구 낙성서로,인천 남구 낙성서로 4,부산,연제구,거제동,부산시　연제구　거제동　１４７７－１　　　　　　　　　　　　　　　　　　　　　　　　　　　　　　　　
우리은행,202730,0202730,서울,강남구,도곡동,남부순환로,2804,서울 강남구 남부순환로,서울 강남구 남부순환로 2804,서울,강남구,도곡동,서울　강남구　도곡동　４６７－７　아카데미스위트　　　　　　　　　　　　　　　　　　　　　　　　　　
우리은행,203069,0203069,경기,화성,향남면,삼천병마로1597번길,228,경기 화성 삼천병마로1597번길,경기 화성 삼천병마로1597번길 228,경기,화성시,향남읍 평리,경기　화성시　향남면　평리　８１－１５　　　　　　　　　　　　　　　　　　　　　　　　　　　　　　　
우리은행,203111,0203111,서울,강서구,가양동,양천로57길,10월 10일,서울 강서구 양천로57길,서울 강서구 양천로57길 44844,서울,강서구,가양동,서울　강서구　가양동　１４７４　　　　　　　　　　　　　　　　　　　　　　　　　　　　　　　　　　　
우리은행,203221,0203221,서울,강남구,일원본동,광평로9길,34,서울 강남구 광평로9길,서울 강남구 광평로9길 34,서울,중구,흥인동,서울　중구　흥인동　２９　　　　　　　　　　　　　　　　　　　　　　　　　　　　　　　　　　　　　　
우리은행,203771,0203771,경기,용인,죽전동,현람로,81,경기 용인 현람로,경기 용인 현람로 81,경기,용인시 수지구,죽전동,경기　용인시　수지구　죽전동　１１７４－１　벤포스타빌딩　　　　　　　　　　　　　　　　　　　　　　
우리은행,203904,0203904,경기,화성,태안읍,경기도대로,1038,경기 화성 경기도대로,경기 화성 경기도대로 1038,경기,화성시,진안동,경기　화성시　태안읍　진안리　５２７－１６　　　　　　　　　　　　　　　　　　　　　　　　　　　　　
우리은행,203933,0203933,서울,강남구,논현동,논련로,612,서울 강남구 논련로,서울 강남구 논련로 612,대전,서구,둔산동,대전광역시　서구　둔산동　１４９５　대전（지）　２층　　　　　　　　　　　　　　　　　　　　　　　　
우리은행,204149,0204149,서울,서초구,서초동,반보대로,22,서울 서초구 반보대로,서울 서초구 반보대로 22,서울,서초구,서초동,서울　서초구　서초동　１４５１－３４　　　　　　　　　　　　　　　　　　　　　　　　　　　　　　　　
우리은행,204178,0204178,서울,강남구,대치동,남부순환로,3032,서울 강남구 남부순환로,서울 강남구 남부순환로 3032,서울,강남구,대치동,서울　강남구　대치동　５１１　미도종합상가　　　　　　　　　　　　　　　　　　　　　　　　　　　　　
우리은행,204181,0204181,서울,마포구,대흥동,독막로,241,서울 마포구 독막로,서울 마포구 독막로 241,서울,마포구,염리동,서울특별시　마포구　백범로　１３４－１　　　　　　　　　　　　　　　　　　　　　　　　　　　　　　　
우리은행,204990,0204990,경기,오산,오산동,성로대로,121,경기 오산 성로대로,경기 오산 성로대로 121,경기,오산시,오산동,경기　　　오산시　오산동　９２５－５　월드타워１층　　　　　　　　　　　　　　　　　　　　　　　　　
우리은행,205229,0205229,서울,동대문구,전농동,전옹로,145,서울 동대문구 전옹로,서울 동대문구 전옹로 145,NAN,NAN,NAN,서울　동대문구　전농４동　２９５－５３　　　　　　　　　　　　　　　　　　　　　　　　　　　　　　　
우리은행,205355,0205355,서울,광진구,구의도,광나루로56길,509,서울 광진구 광나루로56길,서울 광진구 광나루로56길 509,서울,중구,만리동1가,서울　중구　만리동１가　３８　　　　　　　　　　　　　　　　　　　　　　　　　　　　　　　　　　　　
우리은행,206286,0206286,부산,해운대구,중동,중동2로,12월 01일,부산 해운대구 중동2로,부산 해운대구 중동2로 44896,부산,해운대구,중동,부산　해운대구　중동　１３７８－２１　　　　　　　　　　　　　　　　　　　　　　　　　　　　　　　　
우리은행,206370,0206370,부산,강서구,송정동,녹산산단335로,12월 05일,부산 강서구 녹산산단335로,부산 강서구 녹산산단335로 44900,부산,강서구,송정동,부산　강서구　송정동　１６３１－４　　　　　　　　　　　　　　　　　　　　　　　　　　　　　　　　　
우리은행,206545,0206545,경기,파주,교하읍,창석로,260,경기 파주 창석로,경기 파주 창석로 260,NAN,NAN,NAN,경기　파주시　교하읍　동패리　３０１２－３　트리플메디칼타워　　　　　　　　　　　　　　　　　　　　
우리은행,206778,0206778,인천,계양구,작전2동,게양대로,94,인천 계양구 게양대로,인천 계양구 게양대로 94,인천,계양구,작전동,인천　계양구　작전２동　８６３－３　　　　　　　　　　　　　　　　　　　　　　　　　　　　　　　　　
우리은행,206875,0206875,경기,용인,풍덕천동,정평로,Feb-34,경기 용인 정평로,경기 용인 정평로 12451,서울,송파구,석촌동,서울　송파구　석촌동　１７４－１　　　　　　　　　　　　　　　　　　　　　　　　　　　　　　　　　　
우리은행,207052,0207052,대구,서구,평리5동,서대구광역시로,141,대구 서구 서대구광역시로,대구 서구 서대구광역시로 141,대구,서구,평리동,대구　서구　평리５동　１５２４－１７　　　　　　　　　　　　　　　　　　　　　　　　　　　　　　　　
우리은행,207476,0207476,경기,군포,산본동,고산로,1151-5,경기 군포 고산로,경기 군포 고산로 1151-5,경기,포천시,소흘읍 송우리,경기　포천군　소흘읍　송우리１４６－１번지　　　　　　　　　　　　　　　　　　　　　　　　　　　　　
우리은행,207515,0207515,서울,동대문구,청량1동,왕산로,239,서울 동대문구 왕산로,서울 동대문구 왕산로 239,서울,관악구,신림동,서울　관악구　신림２동　１６９４　신림현대ＡＰＴ　상가내　　　　　　　　　　　　　　　　　　　　　　
우리은행,207670,0207670,경기,분당,구미동,무기재로,144,경기 분당 무기재로,경기 분당 무기재로 144,경기,성남시 분당구,구미동,경기　성남시　분당구　구미동　２２１　청구Ａ상가　　　　　　　　　　　　　　　　　　　　　　　　　　
우리은행,207764,0207764,서울,중구,남대문로4가,남대문시장길,08월 25일,서울 중구 남대문시장길,서울 중구 남대문시장길 44798,서울,중구,남창동,서울　중구　남창동　３１－１　은남빌딩　　　　　　　　　　　　　　　　　　　　　　　　　　　　　　　
우리은행,208459,0208459,서울,동대문구,회기동,경희대로,01월 01일,서울 동대문구 경희대로,서울 동대문구 경희대로 44562,서울,서초구,양재동,서울　서초구　양재동　３９２－６　　　　　　　　　　　　　　　　　　　　　　　　　　　　　　　　　　
우리은행,208860,0208860,충북,청원,오창면,중심산업로,20,충북 청원 중심산업로,충북 청원 중심산업로 20,충북,청주시 청원구,오창읍 양청리,충북　청원군　오창면　양청리　８１８－４　　　　　　　　　　　　　　　　　　　　　　　　　　　　　　
우리은행,209306,0209306,서울,강동구,둔촌동,진황도로61길,195,서울 강동구 진황도로61길,서울 강동구 진황도로61길 195,서울,영등포구,여의도동,서울　영등포구　여의도동　３４　삼덕빌딩　　　　　　　　　　　　　　　　　　　　　　　　　　　　　　
우리은행,209775,0209775,경기,고양,장항동,무궁화로,12024,경기 고양 무궁화로,경기 고양 무궁화로 12024,경기,고양시 일산동구,장항동,경기도　고양시　일산구　장항동　７６３　　　　　　　　　　　　　　　　　　　　　　　　　　　　　　　
우리은행,209856,0209856,경기,분당,수내동,황새울로200번길,09월 07일,경기 분당 황새울로200번길,경기 분당 황새울로200번길 44811,NAN,NAN,NAN,경기도　성남시　분당구　수내용２１－２　　　　　　　　　　　　　　　　　　　　　　　　　　　　　　　
우리은행,209966,0209966,서울,강남구,개포동,개포로82길,09월 13일,서울 강남구 개포로82길,서울 강남구 개포로82길 44817,서울,강남구,개포동,서울특별시　강남구　개포로　５０４　　　　　　　　　　　　　　　　　　　　　　　　　　　　　　　　　
우리은행,841272,0841272,경기,오산,원동,경기도대로,187,경기 오산 경기도대로,경기 오산 경기도대로 187,경기,오산시,원동,경기　오산시　원동　７６８－１　우경씨이트　２동　２０１호　　　　　　　　　　　　　　　　　　　　　
우리은행,842284,0842284,서울,강서구,염창동,양천로57길,583,서울 강서구 양천로57길,서울 강서구 양천로57길 583,서울,강서구,염창동,서울특별시　강서구　양천로　５８３，　Ａ동　１１０호　（염창동，　우림블루나인비지니스센터）　　　　
우리은행,842475,0842475,경기,분당,야탑동,야탑남로,230,경기 분당 야탑남로,경기 분당 야탑남로 230,서울,노원구,공릉동,서울특별시　노원구　화랑로　６２１，종합교육관　（공릉동）　　　　　　　　　　　　　　　　　　　　　
우리은행,842488,0842488,경북,구미,옥계동,산로대로31길,7,경북 구미 산로대로31길,경북 구미 산로대로31길 7,서울,노원구,공릉동,서울특별시　노원구　화랑로　６２１，종합교육관　（공릉동）　　　　　　　　　　　　　　　　　　　　　
우리은행,843283,0843283,인천,서구,연희동,라임로,51,인천 서구 라임로,인천 서구 라임로 51,인천,서구,연희동,인천　서구　연희동　８０１－１　청라지구　Ｍ３블럭　풍림엑슬　　　　　　　　　　　　　　　　　　　　
우리은행,843393,0843393,경기,고양,덕이동,하이파크로,Jan-78,경기 고양 하이파크로,경기 고양 하이파크로 28491,인천,연수구,송도동,인천　연수구　송도동　１６２－１　기숙사　Ｂ동１０５호　　　　　　　　　　　　　　　　　　　　　　　
우리은행,843513,0843513,경기,용인,보라동,한보라2로,05월 05일,경기 용인 한보라2로,경기 용인 한보라2로 44686,경기,용인시 수지구,상현동,경기도　용인시　수지구　광교중앙로　３２０　　　　　　　　　　　　　　　　　　　　　　　　　　　　　
우리은행,843597,0843597,충북,음성,맹동면,원중로,1404,충북 음성 원중로,충북 음성 원중로 1404,충북,음성군,맹동면 두성리,충청북도　음성군　맹동면　대하２가길　３１　　　　　　　　　　　　　　　　　　　　　　　　　　　　　
우리은행,844172,0844172,인천,서구,오류동,도로명미생성로,1,인천 서구 도로명미생성로,인천 서구 도로명미생성로 1,경기,안산시 단원구,원곡동,경기　안산시　단원구　원곡동　７８９－５　지상２층　　　　　　　　　　　　　　　　　　　　　　　　　
우리은행,844321,0844321,경기,성남,성남동,성남대로2번길,1130,경기 성남 성남대로2번길,경기 성남 성남대로2번길 1130,경기,성남시 중원구,성남동,경기도　성남시　중원구　성남대로１１３０번길　３　（성남동，　백성빌딩）　　　　　　　　　　　　　　
우리은행,844800,0844800,충남,천안,차암동,3공단6로,May-58,충남 천안 3공단6로,충남 천안 3공단6로 21306,서울,송파구,신천동,서울　송파구　신천동　７－１３　향군회관　Ｂ동　　　　　　　　　　　　　　　　　　　　　　　　　　　
우리은행,844826,0844826,경기,파주,문산읍,문향로,Jan-52,경기 파주 문향로,경기 파주 문향로 18994,경기,화성시,산척동,경기도　화성시　동탄순환대로　１２７－１９　　　　　　　　　　　　　　　　　　　　　　　　　　　　　
우리은행,845016,0845016,경기,남양주,와부읍,수레로,888,경기 남양주 수레로,경기 남양주 수레로 888,경기,성남시 분당구,삼평동,경기　성남시　분당구　삼평동　６３２　　　　　　　　　　　　　　　　　　　　　　　　　　　　　　　　
우리은행,845029,0845029,서울,송파구,장지동,위례광장로,300,서울 송파구 위례광장로,서울 송파구 위례광장로 300,경기,성남시 수정구,창곡동,경기　성남시　수정구　위례광장로　３００　　　　　　　　　　　　　　　　　　　　　　　　　　　　　　
우리은행,845391,0845391,제주,제주,이도2동,중앙로,.,제주 제주 중앙로,제주 제주 중앙로 .,경기,평택시,서정동,경기　평택시　관광특구로　１　국민건강보험공단평택지사　６층　　　　　　　　　　　　　　　　　　　　
SC제일은행,231507,0231507,서울특별시,동대문구,청량리동,흥릉로,3,서울특별시 동대문구 흥릉로,서울특별시 동대문구 흥릉로 3,서울,동대문구,청량리동,서울　동대문구　청량리동　７４４외　１층　　　　　　　　　　　　　　　　　　　　　　　　　　　　　　
SC제일은행,231882,0231882,서울특별시,성동구,마장동,마장로,76,서울특별시 성동구 마장로,서울특별시 성동구 마장로 76,서울,성동구,마장동,서울시　성동구　마장동　８１８　　　　　　　　　　　　　　　　　　　　　　　　　　　　　　　　　　　
SC제일은행,233291,0233291,서울특별시,용산구,원효로,청파로,72,서울특별시 용산구 청파로,서울특별시 용산구 청파로 72,서울,용산구,이촌동,서울　용산구　이촌동　３０１－８７　　１，２층　　　　　　　　　　　　　　　　　　　　　　　　　　　
SC제일은행,233550,0233550,서울특별시,구로구,개봉동,개봉로,Jan-33,서울특별시 구로구 개봉로,서울특별시 구로구 개봉로 12055,NAN,NAN,NAN,서울　구로구개봉동４０３의８４　　　　　　　　　　　　　　　　　　　　　　　　　　　　　　　　　　　
SC제일은행,234038,0234038,서울특별시,양천구,신월동,오목로,53,서울특별시 양천구 오목로,서울특별시 양천구 오목로 53,서울,양천구,목동,서울　양천구목동７９２　　５　　　　　　　　　　　　　　　　　　　　　　　　　　　　　　　　　　　　
SC제일은행,234135,0234135,대구광역시,동구,신천동,동부로,153,대구광역시 동구 동부로,대구광역시 동구 동부로 153,서울,강서구,공항동,서울　강서구　공항동　３２－３　　　　　　　　　　　　　　　　　　　　　　　　　　　　　　　　　　　
SC제일은행,235011,0235011,부산광역시,중구,창선동2가,중구로,01월 16일,부산광역시 중구 중구로,부산광역시 중구 중구로 44577,부산,중구,중앙동3가,부산시　중구중앙동３가１８　　１　　　　　　　　　　　　　　　　　　　　　　　　　　　　　　　　　　
SC제일은행,235082,0235082,부산광역시,동래구,온천동,금강공원로,42,부산광역시 동래구 금강공원로,부산광역시 동래구 금강공원로 42,부산,동래구,온천동,부산광역시　동래구　온천장로　１１５　포르투나아파트　상가２층　　　　　　　　　　　　　　　　　　　
SC제일은행,235396,0235396,경상남도,김해시,외동,전하로304번길,24,경상남도 김해시 전하로304번길,경상남도 김해시 전하로304번길 24,NAN,NAN,NAN,서울　종로구　공평동　한국스탠다드차타드은행　본점　１００번지　　　　　　　　　　　　　　　　　　　
SC제일은행,235435,0235435,세종특별자치시,0,가람동,금송로,687,세종특별자치시 0 금송로,세종특별자치시 0 금송로 687,NAN,NAN,NAN,서울　종로구　공평동　한국스탠다드차타드은행　본점　１００번지　　　　　　　　　　　　　　　　　　　
SC제일은행,236337,0236337,인천광역시,계양구,작전2동,게양대로,28,인천광역시 계양구 게양대로,인천광역시 계양구 게양대로 28,인천,계양구,작전동,인천시　계양구　작전동　８６６－１３　　　　　　　　　　　　　　　　　　　　　　　　　　　　　　　　
SC제일은행,237569,0237569,경상북도,상주시,만산동,북천로,09월 17일,경상북도 상주시 북천로,경상북도 상주시 북천로 44821,경북,구미시,송정동,경북　구미시송정동４６의２　　　　　　　　　　　　　　　　　　　　　　　　　　　　　　　　　　　　　
SC제일은행,237802,0237802,울산광역시,남구,신정동,문수로,14,울산광역시 남구 문수로,울산광역시 남구 문수로 14,울산,남구,옥동,울산광역시　남구　문수로　３７７（옥동）　센트럴더하임시티　２０９호　　　　　　　　　　　　　　　　
KEB하나은행,813598,0813598,서울특별시,영등포구,여의도동,63로 50 (여의도동)   ,63빌딩 1F ,서울특별시 영등포구 63로 50 (여의도동)   ,서울특별시 영등포구 63로 50 (여의도동)    63빌딩 1F ,서울,영등포구,여의도동,서울　영등포구　여의도동　６３대한생명빌딩　　　　　　　　　　　　　　　　　　　　　　　　　　　　　
KEB하나은행,813983,0813983,서울특별시,강남구,논현동,선릉로 663 (논현동)   ,  ,서울특별시 강남구 선릉로 663 (논현동)   ,서울특별시 강남구 선릉로 663 (논현동)      ,서울,강남구,삼성동,서울특별시　강남구　선릉로　６５２　１층，　２층　　　　　　　　　　　　　　　　　　　　　　　　　　
KEB하나은행,812159,0812159,서울특별시,서초구,서초동,강남대로 459 (서초동)   ,  ,서울특별시 서초구 강남대로 459 (서초동)   ,서울특별시 서초구 강남대로 459 (서초동)      ,서울,서초구,반포동,서울특별시　서초구　반포동　１８－３　　　　　　　　　　　　　　　　　　　　　　　　　　　　　　　　
KEB하나은행,815761,0815761,서울특별시,성북구,안암동5가,인촌로 73 (안암동5가)   ,고대병원내  ,서울특별시 성북구 인촌로 73 (안암동5가)   ,서울특별시 성북구 인촌로 73 (안암동5가)    고대병원내  ,서울,성북구,안암동5가,서울특별시　성북구　고려대로　７３　　고대병원내　　　　　　　　　　　　　　　　　　　　　　　　　　
KEB하나은행,815839,0815839,서울특별시,관악구,봉천동,남부순환로 1922 (봉천동)   ,2F,서울특별시 관악구 남부순환로 1922 (봉천동)   ,서울특별시 관악구 남부순환로 1922 (봉천동)    2F,서울,관악구,봉천동,서울시　관악구　봉천동　１６５９－２　　　　　　　　　　　　　　　　　　　　　　　　　　　　　　　　
KEB하나은행,817400,0817400,대전광역시,유성구,지족동,지족로 365 (지족동)   ,"리젠시프라자 1,2F ",대전광역시 유성구 지족로 365 (지족동)   ,"대전광역시 유성구 지족로 365 (지족동)    리젠시프라자 1,2F ",충북,청주시 흥덕구,가경동,충북　청주시　흥덕구　가경동　１７０３　　　　　　　　　　　　　　　　　　　　　　　　　　　　　　　
KEB하나은행,812133,0812133,서울특별시,강남구,일원1동,일원로 37 (일원동)   ,"1, 2F ",서울특별시 강남구 일원로 37 (일원동)   ,"서울특별시 강남구 일원로 37 (일원동)    1, 2F ",서울,서초구,반포동,서울특별시　서초구　반포동　１８－３　　　　　　　　　　　　　　　　　　　　　　　　　　　　　　　　
KEB하나은행,818535,0818535,서울특별시,강남구,대치동,삼성로 401 (대치동)   ,  ,서울특별시 강남구 삼성로 401 (대치동)   ,서울특별시 강남구 삼성로 401 (대치동)      ,서울,마포구,상암동,서울　마포구　상암동　１６０１번지　（ＫＧＩＴ빌딩　내）　　　　　　　　　　　　　　　　　　　　　　
KEB하나은행,812418,0812418,서울특별시,서초구,방배3동,방배로 22 (방배동)   ,"삼원상가 1, 2F",서울특별시 서초구 방배로 22 (방배동)   ,"서울특별시 서초구 방배로 22 (방배동)    삼원상가 1, 2F",서울,노원구,중계동,서울　노원구　중계１동　３６０－１５　　　　　　　　　　　　　　　　　　　　　　　　　　　　　　　　
KEB하나은행,817769,0817769,서울특별시,중구,남대문로4가,세종대로 39 (남대문로4가)   ,1F  ,서울특별시 중구 세종대로 39 (남대문로4가)   ,서울특별시 중구 세종대로 39 (남대문로4가)    1F  ,서울,중구,남대문로4가,서울　중구　남대문로４가　４５　　　　　　　　　　　　　　　　　　　　　　　　　　　　　　　　　　　
KEB하나은행,811396,0811396,서울특별시,강남구,신사동,압구정로 156 (신사동)   ,"카로시티2 1, 2F",서울특별시 강남구 압구정로 156 (신사동)   ,"서울특별시 강남구 압구정로 156 (신사동)    카로시티2 1, 2F",서울,강남구,신사동,서울　강남구　신사동　５７９번지　　　　　　　　　　　　　　　　　　　　　　　　　　　　　　　　　　
KEB하나은행,816061,0816061,충청북도,청주시 흥덕구,사창동,사직대로 142 (사창동)   ,덕우빌딩  ,충청북도 청주시 흥덕구 사직대로 142 (사창동)   ,충청북도 청주시 흥덕구 사직대로 142 (사창동)    덕우빌딩  ,충북,청주시 서원구,사창동,충북　청주시　흥덕구　사창동　２６１－５　　　　　　　　　　　　　　　　　　　　　　　　　　　　　　
KEB하나은행,818739,0818739,인천광역시,연수구,송도동,송도국제도로157,오네스타,인천광역시 연수구 송도국제도로157,인천광역시 연수구 송도국제도로157 오네스타,인천,연수구,송도동,인천광역시　연수구　송도국제대로　１５７（송도동）　　　　　　　　　　　　　　　　　　　　　　　　　
KEB하나은행,801885,0801885,서울특별시,금천구,시흥동,시흥대로 218 (시흥동),인덕빌딩,서울특별시 금천구 시흥대로 218 (시흥동),서울특별시 금천구 시흥대로 218 (시흥동) 인덕빌딩,서울,금천구,시흥동,서울특별시　금천구　시흥대로　２１０　１층，　２층　　　　　　　　　　　　　　　　　　　　　　　　　
KEB하나은행,814021,0814021,경기도,안산시 단원구,고잔동,예술대학로 17 (고잔동)   ,"중앙노블레스빌딩 1,2F ",경기도 안산시 단원구 예술대학로 17 (고잔동)   ,"경기도 안산시 단원구 예술대학로 17 (고잔동)    중앙노블레스빌딩 1,2F ",경기,안산시 단원구,고잔동,경기　안산시　고잔동　５３４－３　　　　　　　　　　　　　　　　　　　　　　　　　　　　　　　　　　
KEB하나은행,812065,0812065,서울특별시,강남구,논현동,언주로 730 (논현동)   ,동익빌딩 1F ,서울특별시 강남구 언주로 730 (논현동)   ,서울특별시 강남구 언주로 730 (논현동)    동익빌딩 1F ,서울,영등포구,여의도동,서울　영등포구　여의도동　２０　ＬＧ트윈타워빌딩　동관３층　　　　　　　　　　　　　　　　　　　　　
KEB하나은행,812117,0812117,서울특별시,도봉구,쌍문동,삼양로 600 (쌍문동)   ,동아타운 1F ,서울특별시 도봉구 삼양로 600 (쌍문동)   ,서울특별시 도봉구 삼양로 600 (쌍문동)    동아타운 1F ,서울,도봉구,쌍문동,서울특별시　도봉구　삼양로　５３８－５（쌍문동）　　　　　　　　　　　　　　　　　　　　　　　　　　
KEB하나은행,816922,0816922,충청북도,청주시 상당구,율량동,공항로 126 (율량동)   ,  ,충청북도 청주시 상당구 공항로 126 (율량동)   ,충청북도 청주시 상당구 공항로 126 (율량동)      ,충북,청주시 청원구,율량동,충북　청주시　상당구　율량동　８９４　　　　　　　　　　　　　　　　　　　　　　　　　　　　　　　　
KEB하나은행,813954,0813954,서울특별시,은평구,신사동,갈현로 1 (신사동)   ,  ,서울특별시 은평구 갈현로 1 (신사동)   ,서울특별시 은평구 갈현로 1 (신사동)      ,서울,강동구,명일동,서울　강동구　명일１동　３５３－３　　　　　　　　　　　　　　　　　　　　　　　　　　　　　　　　　
KEB하나은행,812939,0812939,서울특별시,은평구,응암동,응암로 217 (응암동)   ,  ,서울특별시 은평구 응암로 217 (응암동)   ,서울특별시 은평구 응암로 217 (응암동)      ,서울,은평구,응암동,서울특별시　은평구　응암로　２５８　２층　　　　　　　　　　　　　　　　　　　　　　　　　　　　　　
KEB하나은행,813789,0813789,서울특별시,서초구,잠원동,"나루터로4길 28 (잠원동, 신반포8차한신APT)  ",  ,"서울특별시 서초구 나루터로4길 28 (잠원동, 신반포8차한신APT)  ","서울특별시 서초구 나루터로4길 28 (잠원동, 신반포8차한신APT)     ",서울,서초구,잠원동,서울특별시　서초구　잠원로　９４（잠원동），　한신빌딩　１층　　　　　　　　　　　　　　　　　　　　
KEB하나은행,805386,0805386,서울특별시,종로구,공평동,삼봉로 94 (수송동)   ,2F  ,서울특별시 종로구 삼봉로 94 (수송동)   ,서울특별시 종로구 삼봉로 94 (수송동)    2F  ,경기,용인시 기흥구,서천동,경기　용인시　기흥구　덕영대로　１７３２　（서천동）　　　　　　　　　　　　　　　　　　　　　　　　
KEB하나은행,805182,0805182,충청남도,천안시 동남구,용곡동,용곡2길 141 (용곡동)   ,  ,충청남도 천안시 동남구 용곡2길 141 (용곡동)   ,충청남도 천안시 동남구 용곡2길 141 (용곡동)      ,NAN,NAN,NAN,충남　천안시　동남구　용곡２길　１４１　（용곡동）　　　　　　　　　　　　　　　　　　　　　　　　　
KEB하나은행,805111,0805111,서울특별시,성북구,안암동5가,인촌로22길 6-3 (안암동5가)   ,고려대학교내 하나스퀘어 B1F ,서울특별시 성북구 인촌로22길 6-3 (안암동5가)   ,서울특별시 성북구 인촌로22길 6-3 (안암동5가)    고려대학교내 하나스퀘어 B1F ,서울,성북구,안암동5가,서울특별시　성북구　고려대로　２２길　６－７　　　　　　　　　　　　　　　　　　　　　　　　　　　　
KEB하나은행,812638,0812638,서울특별시,강남구,청담동,선릉로 762 (청담동)   ,  ,서울특별시 강남구 선릉로 762 (청담동)   ,서울특별시 강남구 선릉로 762 (청담동)      ,서울,강남구,청담동,서울특별시　강남구　선릉로　８０６　킹콩빌딩　２층　　　　　　　　　　　　　　　　　　　　　　　　　
KEB하나은행,801445,0801445,서울특별시,동대문구,휘경동,망우로 64 (휘경동), ,서울특별시 동대문구 망우로 64 (휘경동),서울특별시 동대문구 망우로 64 (휘경동)  ,부산,연제구,연산동,부산　연제구　반송로　１０　（연산동）　　　　　　　　　　　　　　　　　　　　　　　　　　　　　　　
KEB하나은행,814364,0814364,경기도,고양시 일산동구,일산3동,일산로 589 (일산동)   ,현대프라자 2F ,경기도 고양시 일산동구 일산로 589 (일산동)   ,경기도 고양시 일산동구 일산로 589 (일산동)    현대프라자 2F ,경기,안산시 단원구,고잔동,안산시　고잔동　５１９－１　안산상공회의소　１층　　　　　　　　　　　　　　　　　　　　　　　　　　
기업은행,30562,0030562,서울특별시,용산구,이태원동,보광로,128-5,서울특별시 용산구 보광로,서울특별시 용산구 보광로 128-5,서울,용산구,이태원동,서울특별시　용산구　이태원로２７나길　４０　　　　　　　　　　　　　　　　　　　　　　　　　　　　　
기업은행,30643,0030643,서울특별시,서초구,서초동,강남대로,403,서울특별시 서초구 강남대로,서울특별시 서초구 강남대로 403,NAN,NAN,NAN,서울특별시　서초구　서초대로　７７길　１７，　１，２층（서초동，　Ｂｌｏｃｋ７７빌딩）　　　　　　　
기업은행,30672,0030672,서울특별시,서초구,반포동,신반포로,143,서울특별시 서초구 신반포로,서울특별시 서초구 신반포로 143,서울,서초구,잠원동,서울특별시　서초구　반포대로　３０４　（잠원동）　　　　　　　　　　　　　　　　　　　　　　　　　　
기업은행,30782,0030782,서울특별시,구로구,구로동,디저털로32길,55,서울특별시 구로구 디저털로32길,서울특별시 구로구 디저털로32길 55,서울,구로구,구로동,서울특별시　구로구　디지털로３２길　５５　　　　　　　　　　　　　　　　　　　　　　　　　　　　　　
기업은행,31066,0031066,서울특별시,구로구,온수동,부일로1길,869,서울특별시 구로구 부일로1길,서울특별시 구로구 부일로1길 869,서울,구로구,온수동,서울특별시　구로구　부일로１길　２６－１３　　　　　　　　　　　　　　　　　　　　　　　　　　　　　
기업은행,31406,0031406,서울특별시,영등포구,당산동6가,양평로,48,서울특별시 영등포구 양평로,서울특별시 영등포구 양평로 48,서울,영등포구,양평동5가,서울특별시　영등포구　양평로　２５길　８，　２층（양평동５가，　어반３２２）　　　　　　　　　　　　
기업은행,31655,0031655,경기도,성남시,중원구,둔촌대로,8,경기도 성남시 둔촌대로,경기도 성남시 둔촌대로 8,경기,성남시 중원구,상대원동,경기도　성남시　중원구　둔촌대로４５７번길　８　　　　　　　　　　　　　　　　　　　　　　　　　　　
기업은행,32052,0032052,서울특별시,영등포구,도림동,도신로60길,89,서울특별시 영등포구 도신로60길,서울특별시 영등포구 도신로60길 89,서울,노원구,공릉동,서울특별시　노원구　공릉로　１４７　　　　　　　　　　　　　　　　　　　　　　　　　　　　　　　　　
기업은행,32612,0032612,서울특별시,광진구,화양동,아찬산로,237,서울특별시 광진구 아찬산로,서울특별시 광진구 아찬산로 237,서울,광진구,화양동,서울특별시　광진구　아차산로　２３７　　　　　　　　　　　　　　　　　　　　　　　　　　　　　　　　
기업은행,32829,0032829,서울특별시,노원구,상계동,덕릉로,826,서울특별시 노원구 덕릉로,서울특별시 노원구 덕릉로 826,서울,성동구,마장동,서울특별시　성동구　마장로　３０９　　　　　　　　　　　　　　　　　　　　　　　　　　　　　　　　　
기업은행,33815,0033815,인천광역시,연수구,동춘동,수인선길,248,인천광역시 연수구 수인선길,인천광역시 연수구 수인선길 248,인천,연수구,연수동,인천광역시　연수구　청능대로　１０９，　２층（연수동，　탑피온빌딩）　　　　　　　　　　　　　　　　
기업은행,34348,0034348,인천광역시,남동구,구월동,인하로,4,인천광역시 남동구 인하로,인천광역시 남동구 인하로 4,인천,남동구,구월동,인천광역시　남동구　선수촌공원로１７번길　２８，　２층（구월동，　타워일레븐）　　　　　　　　　　　
기업은행,34539,0034539,부산광역시,강서구,송정동,녹산산단335로,12월 03일,부산광역시 강서구 녹산산단335로,부산광역시 강서구 녹산산단335로 44898,부산,강서구,송정동,부산광역시　강서구　녹산산단３３５로　１２－３　　　　　　　　　　　　　　　　　　　　　　　　　　　
기업은행,34542,0034542,경기도,포천시,소흘읍,솔모루로,08월 22일,경기도 포천시 솔모루로,경기도 포천시 솔모루로 44795,경기,포천시,소흘읍 송우리,경기도　포천시　소흘읍　솔모루로　１８－１　　　　　　　　　　　　　　　　　　　　　　　　　　　　　
기업은행,34568,0034568,경기도,안산시,상록구,해안로237번길,705,경기도 안산시 해안로237번길,경기도 안산시 해안로237번길 705,경기,안산시 상록구,사동,경기도　안산시　상록구　해안로　７０５　　　　　　　　　　　　　　　　　　　　　　　　　　　　　　　
기업은행,34953,0034953,부산광역시,기장군,정관면,산단1로,May-98,부산광역시 기장군 산단1로,부산광역시 기장군 산단1로 35916,부산,기장군,정관읍 달산리,부산광역시　기장군　정관면　산단１로　９８－５　　　　　　　　　　　　　　　　　　　　　　　　　　　
기업은행,34979,0034979,충청북도,청주시,청원구,중심상업로,Jun-51,충청북도 청주시 중심상업로,충청북도 청주시 중심상업로 18780,충북,청주시 청원구,오창읍 양청리,충청북도　청주시　청원구　오창읍　중심상업로　５１－６　　　　　　　　　　　　　　　　　　　　　　　
기업은행,35059,0035059,경기도,용인시,기흥구,동백5로,11월 21일,경기도 용인시 동백5로,경기도 용인시 동백5로 44886,경기,용인시 기흥구,청덕동,경기도　용인시　기흥구　구성로　３５７　　　　　　　　　　　　　　　　　　　　　　　　　　　　　　　
기업은행,35347,0035347,서울특별시,용산구,원효로3가,원료호,142,서울특별시 용산구 원료호,서울특별시 용산구 원료호 142,서울,용산구,원효로3가,서울특별시　용산구　원효로　１４２　　　　　　　　　　　　　　　　　　　　　　　　　　　　　　　　　
기업은행,35567,0035567,경기도,용인시,기흥구,서천로127번길,03월 03일,경기도 용인시 서천로127번길,경기도 용인시 서천로127번길 44623,경기,용인시 기흥구,서천동,경기도　용인시　기흥구　서천로１２７번길　３－３　　　　　　　　　　　　　　　　　　　　　　　　　　
기업은행,35790,0035790,대구광역시,달성군,논공읍,논공중앙로33길,07월 09일,대구광역시 달성군 논공중앙로33길,대구광역시 달성군 논공중앙로33길 44751,대구,달성군,논공읍 북리,대구광역시　달성군　논공읍　논공중앙로３３길　７－９　　　　　　　　　　　　　　　　　　　　　　　　
기업은행,35800,0035800,경상남도,창원시,반림동,원이대로473번길,08월 19일,경상남도 창원시 원이대로473번길,경상남도 창원시 원이대로473번길 44792,대구,달성군,논공읍 북리,대구광역시　달성군　논공읍　논공중앙로３３길　７－９　　　　　　　　　　　　　　　　　　　　　　　　
기업은행,35813,0035813,경상남도,창원시,마산회원구,광려천동로,12월 10일,경상남도 창원시 광려천동로,경상남도 창원시 광려천동로 44905,경남,창원시 마산회원구,내서읍 용담리,경상남도　창원시　마산회원구　내서읍　함마대로　２５２３　　　　　　　　　　　　　　　　　　　　　　
기업은행,36058,0036058,경기도,시흥시,정왕동 ,서해안로,18-44,경기도 시흥시 서해안로,경기도 시흥시 서해안로 18-44,경기,시흥시,정왕동,경기도　시흥시　서해안로　８１－４４　　　　　　　　　　　　　　　　　　　　　　　　　　　　　　　　
기업은행,36184,0036184,경상북도,칠곡군,왜관읍,공단로4길,12월 18일,경상북도 칠곡군 공단로4길,경상북도 칠곡군 공단로4길 44913,경북,칠곡군,왜관읍 금산리,경상북도　칠곡군　왜관읍　공단로４길　１８－１２　　　　　　　　　　　　　　　　　　　　　　　　　　
기업은행,36236,0036236,강원도,원주시,반곡동,삼보로,32,강원도 원주시 삼보로,강원도 원주시 삼보로 32,NAN,NAN,NAN,강원도　원주시　삼보로　３２（반곡동）　　　　　　　　　　　　　　　　　　　　　　　　　　　　　　　
기업은행,38399,0038399,서울특별시,강남구,도곡동,남부순환로,2804,서울특별시 강남구 남부순환로,서울특별시 강남구 남부순환로 2804,서울,강남구,도곡동,서울특별시　강남구　언주로３０길　２１　　　　　　　　　　　　　　　　　　　　　　　　　　　　　　　
기업은행,39178,0039178,경기도,양주시,광사동,고읍남로,06월 06일,경기도 양주시 고읍남로,경기도 양주시 고읍남로 44718,경기,양주시,광사동,경기도　양주시　고읍남로　６－６　　　　　　　　　　　　　　　　　　　　　　　　　　　　　　　　　　
기업은행,39699,0039699,경기도,고양시,덕양구,통이로,140,경기도 고양시 통이로,경기도 고양시 통이로 140,경기,고양시 덕양구,동산동,경기도　고양시　덕양구　통일로　１４０　　　　　　　　　　　　　　　　　　　　　　　　　　　　　　　
국민은행,64130,0064130,서울,중구,을지로동,청계천로,152,서울 중구 청계천로,서울 중구 청계천로 152,서울,중구,충무로3가,서울　중구　충무로３가　５７－８（점번：４１２７）　　　　　　　　　　　　　　　　　　　　　　　　　
국민은행,64279,0064279,서울,광진구,중곡제1동,면목로,119-1,서울 광진구 면목로,서울 광진구 면목로 119-1,서울,도봉구,창동,서울　도봉구　도봉로　４９４　（창동）　　　　　　　　　　　　　　　　　　　　　　　　　　　　　　　
국민은행,48279,0048279,서울,마포구,용강동,마포대로,Aug-63,서울 마포구 마포대로,서울 마포구 마포대로 23224,서울,마포구,도화동,서울　마포구　마포대로　６３－８，　１층　（도화동，삼창빌딩）　　　　　　　　　　　　　　　　　　　
국민은행,40947,0040947,서울,강서구,화곡본동,까치산로,59,서울 강서구 까치산로,서울 강서구 까치산로 59,서울,성북구,보문동7가,서울　성북구　보문로　３４　（보문동７가）　　　　　　　　　　　　　　　　　　　　　　　　　　　　　
국민은행,198572,0198572,경기,성남시 분당구,삼평동,판교로255번길,09월 22일,경기 성남시 분당구 판교로255번길,경기 성남시 분당구 판교로255번길 44826,경기,성남시 분당구,삼평동,경기도　성남시　분당구　판교로　２５５번길　９－２２　우림더블유시티　１０３호　　　　　　　　　　　
국민은행,190101,0190101,경기,성남시 수정구,위례동,위례서일로3길,04월 28일,경기 성남시 수정구 위례서일로3길,경기 성남시 수정구 위례서일로3길 44679,서울,영등포구,여의도동,영등포구　국제금융로８길２６　국민은행　　　　　　　　　　　　　　　　　　　　　　　　　　　　　　　
국민은행,45793,0045793,전남,광양시,금호동,희망길,12월 14일,전남 광양시 희망길,전남 광양시 희망길 44909,광주,남구,봉선동,광주광역시　남구　봉선로　１６８（봉선동，봉선센트럴）　　　　　　　　　　　　　　　　　　　　　　　
국민은행,46417,0046417,경북,울진군,북면,울진북로,Jan-72,경북 울진군 울진북로,경북 울진군 울진북로 62824,경북,포항시 북구,죽도동,경상북도　포항시　북구　중흥로　１７１　　　　　　　　　　　　　　　　　　　　　　　　　　　　　　　
국민은행,196668,0196668,부산,기장군,장안읍,길천길,Jan-96,부산 기장군 길천길,부산 기장군 길천길 35065,서울,용산구,용산동5가,서울용산구　용산동５가２４번지　용산파크타워１０２동　상가내　　　　　　　　　　　　　　　　　　　　
국민은행,197528,0197528,대구,수성구,만촌2동,무열로,56,대구 수성구 무열로,대구 수성구 무열로 56,NAN,NAN,NAN,　대구　수성구　무열로　５６，　사서함　５０３－１７호　（만촌동）　　　　　　　　　　　　　　　　　
국민은행,68071,0068071,대구,남구,대명10동,대명로,157,대구 남구 대명로,대구 남구 대명로 157,대구,북구,복현동,대구　북구　동북로　２３４　（복현동）　　　　　　　　　　　　　　　　　　　　　　　　　　　　　　　
국민은행,198161,0198161,경남,진주시,금산면,송백로,46,경남 진주시 송백로,경남 진주시 송백로 46,NAN,NAN,NAN,경남　진주시　금산면　송백로　４６　（속사리）　　　　　　　　　　　　　　　　　　　　　　　　　　　
국민은행,199348,0199348,경남,창원시 진해구,병암동,진희로,111,경남 창원시 진해구 진희로,경남 창원시 진해구 진희로 111,NAN,NAN,NAN,경상남도　창원시　진해구　진희로　１１１　（경화동　１００７－１２）　　　　　　　　　　　　　　　　
국민은행,192293,0192293,경기,수원시 장안구,정자3동,만석로19번길,11월 02일,경기 수원시 장안구 만석로19번길,경기 수원시 장안구 만석로19번길 44867,경기,수원시 장안구,천천동,경기　수원시　장안구　만석로１９번길　１１－２　（천천동）　　　　　　　　　　　　　　　　　　　　　
국민은행,40646,0040646,서울,송파구,잠실4동,올림픽로,329,서울 송파구 올림픽로,서울 송파구 올림픽로 329,NAN,NAN,NAN,서울　송파구　올림픽로　３２９，　상가　２층　（신천동，미성아파트）　　　　　　　　　　　　　　　　
국민은행,41072,0041072,부산,동구,좌천동,중앙대로,409,부산 동구 중앙대로,부산 동구 중앙대로 409,부산,부산진구,부전동,부산　부산진구　새싹로　２　（부전동）　　　　　　　　　　　　　　　　　　　　　　　　　　　　　　　
국민은행,48509,0048509,서울,용산구,이태원제2동,회나무로,4,서울 용산구 회나무로,서울 용산구 회나무로 4,NAN,NAN,NAN,서울　용산구　회나무로　４，　육군중앙경리단내　（이태원동）　　　　　　　　　　　　　　　　　　　　
국민은행,43229,0043229,경기,하남시,신장2동,대청로116번길,01월 30일,경기 하남시 대청로116번길,경기 하남시 대청로116번길 44591,경기,부천시,중동,경기　부천시　원미구　길주로　２３５，　１층　（중동，하나빌딩）　　　　　　　　　　　　　　　　　　
국민은행,194741,0194741,충남,계룡시,금암동,장안로,Mar-59,충남 계룡시 장안로,충남 계룡시 장안로 21610,부산,해운대구,우동,부산　해운대구　마린시티３로　１，　１층　（우동，썬프라자）　　　　　　　　　　　　　　　　　　　　
국민은행,199908,0199908,경북,포항시 남구,오천읍,충무로,70,경북 포항시 남구 충무로,경북 포항시 남구 충무로 70,NAN,NAN,NAN,경상북도　포항시　남구　오천읍　충무로　７０　　　　　　　　　　　　　　　　　　　　　　　　　　　　
국민은행,190787,0190787,부산,강서구,녹산동,녹산산단335로,12월 24일,부산 강서구 녹산산단335로,부산 강서구 녹산산단335로 44919,부산,강서구,송정동,부산광역시　강서구　녹산산단３３５로　２４－１２，　２층　　　　　　　　　　　　　　　　　　　　　　
국민은행,64978,0064978,서울,노원구,상계6.7동,동일로,1403,서울 노원구 동일로,서울 노원구 동일로 1403,NAN,NAN,NAN,서울　노원구　동일로　１４０３　（상계동）　　　　　　　　　　　　　　　　　　　　　　　　　　　　　
국민은행,198527,0198527,세종,세종시,도담동,절재로,180,세종 세종시 절재로,세종 세종시 절재로 180,NAN,NAN,NAN,세종특별자치시　　절재로　１８０，　１０２호　　　　　　　　　　　　　　　　　　　　　　　　　　　　
국민은행,69096,0069096,경남,양산시,덕계동,덕계로,34,경남 양산시 덕계로,경남 양산시 덕계로 34,경남,양산시,덕계동,경남　양산시　번영로１１（덕계동）　　　　　　　　　　　　　　　　　　　　　　　　　　　　　　　　　
국민은행,69465,0069465,부산,해운대구,우제1동,중동1로,10,부산 해운대구 중동1로,부산 해운대구 중동1로 10,부산,해운대구,우동,부산　해운대로　６３２（우동，　깨끗한　빌딩）　　　　　　　　　　　　　　　　　　　　　　　　　　　
국민은행,42806,0042806,경기,군포시,궁내동,산본천로,Jun-43,경기 군포시 산본천로,경기 군포시 산본천로 15858,경기,군포시,산본동,경기　군포시　산본천로　４３－６，　１층　（산본동，한숲스포츠센타）　　　　　　　　　　　　　　　　
국민은행,40578,0040578,서울,도봉구,도봉제1동,도봉로,769,서울 도봉구 도봉로,서울 도봉구 도봉로 769,서울,마포구,공덕동,서울　마포구　마포대로　１５５，　１층　（공덕동，ＬＧ마포빌딩）　　　　　　　　　　　　　　　　　　
국민은행,65605,0065605,부산,북구,덕천제2동,만덕대로,01월 22일,부산 북구 만덕대로,부산 북구 만덕대로 44583,NAN,NAN,NAN,부산　북구　만덕대로　２２－１　（덕천동）　　　　　　　　　　　　　　　　　　　　　　　　　　　　　
국민은행,40963,0040963,서울,강남구,논현2동,언주로,735,서울 강남구 언주로,서울 강남구 언주로 735,서울,강남구,신사동,서울　강남구　도산대로　２３７（신사동）　현대벨로스　２층　　　　　　　　　　　　　　　　　　　　　
국민은행,40675,0040675,서울,영등포구,여의동,여의나루로,27,서울 영등포구 여의나루로,서울 영등포구 여의나루로 27,서울,영등포구,여의도동,서울　영등포구　여의나루로　５０（여의도동，한국교직원공제회관）　　　　　　　　　　　　　　　　　　
국민은행,41739,0041739,인천,남동구,논현고잔동,은청로,04월 07일,인천 남동구 은청로,인천 남동구 은청로 44658,인천,남동구,고잔동,인천　남동구　은청로　４－７　（고잔동）　　　　　　　　　　　　　　　　　　　　　　　　　　　　　　
국민은행,67108,0067108,충북,진천군,진천읍,중앙서로,Jan-40,충북 진천군 중앙서로,충북 진천군 중앙서로 14611,충북,진천군,진천읍 벽암리,충북　진천군　진천읍　중앙북로　１４（벽암리）　　　　　　　　　　　　　　　　　　　　　　　　　　　
국민은행,40280,0040280,서울,영등포구,신길제3동,신길로,155,서울 영등포구 신길로,서울 영등포구 신길로 155,서울,영등포구,신길동,서울　영등포구　가마산로　４８０（신길동，에스제이빌딩）　　　　　　　　　　　　　　　　　　　　　　
국민은행,44710,0044710,충남,계룡시,신도안면,계룡대로,663,충남 계룡시 계룡대로,충남 계룡시 계룡대로 663,NAN,NAN,NAN,충청남도　계룡시　계룡대로　６６３　　　　　　　　　　　　　　　　　　　　　　　　　　　　　　　　　
한국씨티은행,277503,0277503,충청북도,청주시흥덕구,사창동,1순환로,646,충청북도 청주시흥덕구 1순환로,충청북도 청주시흥덕구 1순환로 646,충북,청주시 서원구,사창동,충북　청주시　흥덕구　사창동　１７１－９　　　　　　　　　　　　　　　　　　　　　　　　　　　　　　
수협은행,70357,0070357,서울특별시,영등포구,영등포동7가 ,버드나무로,59,서울특별시 영등포구 버드나무로,서울특별시 영등포구 버드나무로 59,NAN,NAN,NAN,서울특별시　영등포구　국회대로５０길　２０，　２０４￣２０７호（포레나영등포）　　　　　　　　　　　
수협은행,70425,0070425,서울특별시,중랑구,면목동 ,봉우재로,54,서울특별시 중랑구 봉우재로,서울특별시 중랑구 봉우재로 54,서울,중랑구,상봉동,서울특별시　중랑구　면목로　４９２　１층　　　　　　　　　　　　　　　　　　　　　　　　　　　　　　
수협은행,70483,0070483,서울특별시,은평구,녹번동 ,은평로13길,41974,서울특별시 은평구 은평로13길,서울특별시 은평구 은평로13길 41974,서울,은평구,녹번동,서울특별시　은평구　서오릉로　１５（녹번동）　　　　　　　　　　　　　　　　　　　　　　　　　　　　
수협은행,70496,0070496,서울특별시,강남구,역삼동 ,테레란로,134,서울특별시 강남구 테레란로,서울특별시 강남구 테레란로 134,서울,강남구,역삼동,서울특별시　강남구　테헤란로　１３４（역삼동）　　　　　　　　　　　　　　　　　　　　　　　　　　　
수협은행,70551,0070551,서울특별시,서초구,서초2동 ,강남대로,1329-4,서울특별시 서초구 강남대로,서울특별시 서초구 강남대로 1329-4,서울,서초구,서초동,서울특별시　서초구　강남대로　３４９（서초동）　　　　　　　　　　　　　　　　　　　　　　　　　　　
수협은행,70658,0070658,서울특별시,성동구,성수동1가,아차산로,229,서울특별시 성동구 아차산로,서울특별시 성동구 아차산로 229,서울,성동구,성수동1가,서울특별시　성동구　성수일로　７７（성수동１가）　　　　　　　　　　　　　　　　　　　　　　　　　　
수협은행,70768,0070768,서울특별시,의정부시,의정부2동,신흥로,206,서울특별시 의정부시 신흥로,서울특별시 의정부시 신흥로 206,경기,의정부시,의정부동,경기도　의정부시　시민로　６５（의정부동）　　　　　　　　　　　　　　　　　　　　　　　　　　　　　
수협은행,72847,0072847,서울특별시,서초구,서초동 ,우면로24길,4,서울특별시 서초구 우면로24길,서울특별시 서초구 우면로24길 4,서울,서초구,서초동,서울특별시　서초구　서초중앙로　１３８（서초동）　　　　　　　　　　　　　　　　　　　　　　　　　　
수협은행,72850,0072850,인천광역시,서구,연희동,라임로,71,인천광역시 서구 라임로,인천광역시 서구 라임로 71,인천,서구,청라동,인천광역시　서구　청라라임로　７１（연희동）　　　　　　　　　　　　　　　　　　　　　　　　　　　　
수협은행,73011,0073011,대전광역시,서구,둔산2동 ,정사로,220,대전광역시 서구 정사로,대전광역시 서구 정사로 220,대전,서구,둔산동,대전광역시　서구　둔산로１２３번길　２１　（엠시티타워　２층）　　　　　　　　　　　　　　　　　　　
수협은행,73095,0073095,서울특별시,강남구,논현동 ,학동로,47,서울특별시 강남구 학동로,서울특별시 강남구 학동로 47,서울,강남구,논현동,서울특별시　강남구　학동로　２０６（논현동）　　　　　　　　　　　　　　　　　　　　　　　　　　　　
수협은행,73260,0073260,경기도,화성시,반송동,반석로,134,경기도 화성시 반석로,경기도 화성시 반석로 134,경기,화성시,반송동,경기도　화성시　동탄반석로　１３４（반송동）　　　　　　　　　　　　　　　　　　　　　　　　　　　　
수협은행,73309,0073309,서울특별시,동대문구,제기동 ,완산로,143,서울특별시 동대문구 완산로,서울특별시 동대문구 완산로 143,서울,동대문구,제기동,서울특별시　동대문구　왕산로　１４３（제기동）　　　　　　　　　　　　　　　　　　　　　　　　　　　
수협은행,76089,0076089,인천광역시,인천,연수구 동춘동 ,하모니36번길,19,인천광역시 인천 하모니36번길,인천광역시 인천 하모니36번길 19,인천,연수구,송도동,인천광역시　연수구　하모니로３６번길　１９（송도동）　　　　　　　　　　　　　　　　　　　　　　　　
수협은행,77020,0077020,부산광역시,영도구,남항동1가,남항서로,120,부산광역시 영도구 남항서로,부산광역시 영도구 남항서로 120,부산,영도구,대교동1가,부산광역시　영도구　태종로　５９　　　　　　　　　　　　　　　　　　　　　　　　　　　　　　　　　　
대구은행,310130,0310130,대구광역시,서구,원대3가동,팔달로,232,대구광역시 서구 팔달로,대구광역시 서구 팔달로 232,대구,중구,수창동,대구광역시　중구　서성로　８１（수창동）　　　　　　　　　　　　　　　　　　　　　　　　　　　　　　
대구은행,310897,0310897,대구광역시,남구,봉덕동,효성중앙로,37,대구광역시 남구 효성중앙로,대구광역시 남구 효성중앙로 37,대구,남구,봉덕동,대구광역시　남구　효성중앙길　３７（봉덕동）　　　　　　　　　　　　　　　　　　　　　　　　　　　　
대구은행,310965,0310965,대구광역시,중구,공평동,동성로2길,49-18,대구광역시 중구 동성로2길,대구광역시 중구 동성로2길 49-18,대구,중구,삼덕동1가,대구광역시　중구　동성로５길　２６　２０１호　　　　　　　　　　　　　　　　　　　　　　　　　　　　
대구은행,311427,0311427,경상북도,구미시,형곡동,신시로,Jan-75,경상북도 구미시 신시로,경상북도 구미시 신시로 27395,경북,구미시,형곡동,경상북도　구미시　신시로　７５－１（형곡동）　　　　　　　　　　　　　　　　　　　　　　　　　　　　
대구은행,311692,0311692,대구광역시,서구,비산동,팔달로,Jan-72,대구광역시 서구 팔달로,대구광역시 서구 팔달로 26299,대구,서구,비산동,대구광역시　서구　팔달로　７２－１（비산동）　　　　　　　　　　　　　　　　　　　　　　　　　　　　
대구은행,311728,0311728,대구광역시,남구,이천동,명덕로54길,06월 03일,대구광역시 남구 명덕로54길,대구광역시 남구 명덕로54길 44715,대구,남구,이천동,대구광역시　남구　명덕로５２길　４５（이천동）　　　　　　　　　　　　　　　　　　　　　　　　　　　
대구은행,311744,0311744,대구광역시,동구,신천동,동부로30길,01월 23일,대구광역시 동구 동부로30길,대구광역시 동구 동부로30길 44584,대구,동구,신천동,대구광역시　동구　동부로３０길　２３－１　　　　　　　　　　　　　　　　　　　　　　　　　　　　　　
대구은행,311854,0311854,대구광역시,서구,내당동,큰장로,Feb-97,대구광역시 서구 큰장로,대구광역시 서구 큰장로 35462,경북,구미시,황상동,경상북도　구미시　인동가산로　１９（황상동）　　　　　　　　　　　　　　　　　　　　　　　　　　　　
대구은행,312031,0312031,경상북도,구미시,선산읍,중앙로,97,경상북도 구미시 중앙로,경상북도 구미시 중앙로 97,경북,구미시,선산읍 동부리,경상북도　구미시　선산읍　선산중앙로９７　　　　　　　　　　　　　　　　　　　　　　　　　　　　　　
대구은행,312222,0312222,대구광역시,북구,구암동,구암로32길,06월 20일,대구광역시 북구 구암로32길,대구광역시 북구 구암로32길 44732,대구,북구,구암동,대구광역시　북구　구암로３２길　６－２０　（　구암동　）　　　　　　　　　　　　　　　　　　　　　　
대구은행,312413,0312413,대구광역시,수성구,신매동,"달구벌대로
649길",07월 22일,"대구광역시 수성구 달구벌대로
649길","대구광역시 수성구 달구벌대로
649길 44764",대구,달서구,도원동,대구광역시　달서구　도원로　２９（도원동）　　　　　　　　　　　　　　　　　　　　　　　　　　　　　
대구은행,312691,0312691,경상북도,성주군,성주읍,성주로,Mar-63,경상북도 성주군 성주로,경상북도 성주군 성주로 497887,경북,성주군,성주읍 성산리,경상북도　성주군　성주읍　성주로　３２６３－３　　　　　　　　　　　　　　　　　　　　　　　　　　　
대구은행,312947,0312947,대구광역시,동구,신서동,안심로,405,대구광역시 동구 안심로,대구광역시 동구 안심로 405,대구,동구,신서동,대구광역시　동구　안심로　４０１（신서동）　　　　　　　　　　　　　　　　　　　　　　　　　　　　　
대구은행,313276,0313276,부산광역시,강서구,송정동,녹산산단335로,12월 07일,부산광역시 강서구 녹산산단335로,부산광역시 강서구 녹산산단335로 44902,부산,강서구,명지동,부산광역시　강서구　명지국제２로　８０　ｅ편한세상명지　２층　１호　　　　　　　　　　　　　　　　　
대구은행,313577,0313577,대구광역시,북구,사수동,한강로4길,01월 13일,대구광역시 북구 한강로4길,대구광역시 북구 한강로4길 44574,대구,북구,사수동,대구광역시　북구　사수동　９６６　　　　　　　　　　　　　　　　　　　　　　　　　　　　　　　　　　
대구은행,313551,0313551,경상북도,영천시,봉동,하이브리드로,700-130,경상북도 영천시 하이브리드로,경상북도 영천시 하이브리드로 700-130,경남,양산시,신기동,경상남도　양산시　양산대로　９３１　　　　　　　　　　　　　　　　　　　　　　　　　　　　　　　　　
부산은행,320256,0320256,부산광역시,동래구,온천동,금강공원로,01월 13일,부산광역시 동래구 금강공원로,부산광역시 동래구 금강공원로 44574,부산,동래구,온천동,부산시　동래구　온천１동　１８０－４　　　　　　　　　　　　　　　　　　　　　　　　　　　　　　　　
부산은행,320324,0320324,부산광역시,해운대구,중동,중동1로,Jan-35,부산광역시 해운대구 중동1로,부산광역시 해운대구 중동1로 12785,부산,해운대구,중동,부산시　해운대구　중１동　１３７８－６　　　　　　　　　　　　　　　　　　　　　　　　　　　　　　　
부산은행,320340,0320340,부산광역시,동구,범일동,중앙대로,541,부산광역시 동구 중앙대로,부산광역시 동구 중앙대로 541,부산,동구,범일동,부산시　동구　범일４동　２６－４　　　　　　　　　　　　　　　　　　　　　　　　　　　　　　　　　　
부산은행,320421,0320421,부산광역시,수영구,수영동,수영로,693,부산광역시 수영구 수영로,부산광역시 수영구 수영로 693,부산,수영구,광안동,부산광역시　수영구　연수로　４１８　　　　　　　　　　　　　　　　　　　　　　　　　　　　　　　　　
부산은행,320625,0320625,부산광역시,강서구,대저2동,공항진입로,108,부산광역시 강서구 공항진입로,부산광역시 강서구 공항진입로 108,부산,강서구,대저2동,부산시　강서구　대저２동　２３５０　　　　　　　　　　　　　　　　　　　　　　　　　　　　　　　　　
부산은행,321417,0321417,부산광역시,북구,구포동,백양대로,1029,부산광역시 북구 백양대로,부산광역시 북구 백양대로 1029,NAN,NAN,NAN,부산광역시　북구　구포２동　１０８４의３　　　　　　　　　　　　　　　　　　　　　　　　　　　　　　
부산은행,321776,0321776,경상남도,양산시,웅상읍,삼호1길,May-36,경상남도 양산시 삼호1길,경상남도 양산시 삼호1길 13271,경남,창원시 진해구,용원동,경상남도　창원시　진해구　안골로　３３８　　　　　　　　　　　　　　　　　　　　　　　　　　　　　　
부산은행,321909,0321909,경상남도,거제시,고현동,거제중앙로29번길,15,경상남도 거제시 거제중앙로29번길,경상남도 거제시 거제중앙로29번길 15,경남,거제시,고현동,경남　거제시　신현읍　고현리　９７８－７　　　　　　　　　　　　　　　　　　　　　　　　　　　　　　
부산은행,322173,0322173,부산광역시,남구,용당동,유엔평화로,"165,,477-1,602-13",부산광역시 남구 유엔평화로,"부산광역시 남구 유엔평화로 165,,477-1,602-13",부산,남구,용당동,부산　남구　용당동　４７７　－　１　　　　　　　　　　　　　　　　　　　　　　　　　　　　　　　　　
부산은행,322186,0322186,부산광역시,금정구,부곡동,서동로,Jul-75,부산광역시 금정구 서동로,부산광역시 금정구 서동로 27576,NAN,NAN,NAN,부산시　금정구　부곡４동　７３６의　１１８　　　　　　　　　　　　　　　　　　　　　　　　　　　　　
부산은행,322335,0322335,부산광역시,북구,구포동,시랑로79번길,05월 20일,부산광역시 북구 시랑로79번길,부산광역시 북구 시랑로79번길 44701,부산,북구,구포동,부산시　북구　구포３동　１２２４　　　　　　　　　　　　　　　　　　　　　　　　　　　　　　　　　　
부산은행,322490,0322490,부산광역시,연제구,연산동,중앙대로,1046,부산광역시 연제구 중앙대로,부산광역시 연제구 중앙대로 1046,NAN,NAN,NAN,부산시　연제구　연산２동　１３３１의　２　　　　　　　　　　　　　　　　　　　　　　　　　　　　　　
부산은행,322623,0322623,부산광역시,수영구,광안1동,광일로20,9,부산광역시 수영구 광일로20,부산광역시 수영구 광일로20 9,부산,수영구,광안동,부산광역시　수영구　광일로　２８（광안동）　　　　　　　　　　　　　　　　　　　　　　　　　　　　　
부산은행,323622,0323622,경상남도,김해시,주촌면,골든루트로66번길 5,5,경상남도 김해시 골든루트로66번길 5,경상남도 김해시 골든루트로66번길 5 5,경남,김해시,주촌면 농소리,경남　김해시　주촌면　농소리　６３７－４　　　　　　　　　　　　　　　　　　　　　　　　　　　　　　
부산은행,323680,0323680,부산광역시,기장군,정관면,정관면,정관로,부산광역시 기장군 정관면,부산광역시 기장군 정관면 정관로,부산,기장군,정관읍 모전리,부산　기장군　정관면　모전리　７３８－８　금양프라자　１０３￣１０６호　　　　　　　　　　　　　　　
부산은행,323693,0323693,부산광역시,남구,대연동,용소로,21번길,부산광역시 남구 용소로,부산광역시 남구 용소로 21번길,NAN,NAN,NAN,부산　남구　대연동　１１０－１　대연혁신도시상가　１１５호　　　　　　　　　　　　　　　　　　　　　
부산은행,323716,0323716,부산광역시,해운대구,중동,좌동순환로,433번길,부산광역시 해운대구 좌동순환로,부산광역시 해운대구 좌동순환로 433번길,부산,해운대구,중동,부산　해운대구　중동　１５２２－３　　　　　　　　　　　　　　　　　　　　　　　　　　　　　　　　　
부산은행,323732,0323732,부산광역시,금정구,남산동,금샘로485,65,부산광역시 금정구 금샘로485,부산광역시 금정구 금샘로485 65,NAN,NAN,NAN,부산시　금정구　금생로　４８５번길　６５　부산외국어대학교　만오기념관　내　　　　　　　　　　　　　
부산은행,323787,0323787,부산광역시,사상구,괘법동,신라대학길,100,부산광역시 사상구 신라대학길,부산광역시 사상구 신라대학길 100,NAN,NAN,NAN,부산　사상구　괘법동　신라대학교　１－２４　인문관　내　　　　　　　　　　　　　　　　　　　　　　　
부산은행,323143,0323143,,,,,,  ,   ,NAN,NAN,NAN,부산시　동구　범일２동　８３０의　３８　　　　　　　　　　　　　　　　　　　　　　　　　　　　　　　
부산은행,323392,0323392,,,,,,  ,   ,NAN,NAN,NAN,부산　동구　범일２동　부산은행본점　찾아가는　부산은행　２호　　　　　　　　　　　　　　　　　　　　
광주은행,341112,0341112,광주광역시,서구,농성동,경영로,38,광주광역시 서구 경영로,광주광역시 서구 경영로 38,광주,서구,농성동,광주시　서구농성동６３１　　３４　　　　　　　　　　　　　　　　　　　　　　　　　　　　　　　　　　
광주은행,341413,0341413,광주광역시,서구,매월동,매월4로,136,광주광역시 서구 매월4로,광주광역시 서구 매월4로 136,광주,서구,매월동,광주　서구　매월동　９５２　　　　　　　　　　　　　　　　　　　　　　　　　　　　　　　　　　　　　
광주은행,344300,0344300,광주광역시,동구,지산동,준법로,07월 12일,광주광역시 동구 준법로,광주광역시 동구 준법로 44754,광주,동구,지산동,광주　동구　지산동　３４２－１　광주지방법원　內　　　　　　　　　　　　　　　　　　　　　　　　　　
광주은행,346405,0346405,전라남도,보성군,보성읍,동산길,12월 02일,전라남도 보성군 동산길,전라남도 보성군 동산길 44897,NAN,NAN,NAN,전남　보성군．읍　보성리　８４６－１９　　　　　　　　　　　　　　　　　　　　　　　　　　　　　　　
광주은행,347093,0347093,전라남도,순천시,해룡면,1988번지,0,전라남도 순천시 1988번지,전라남도 순천시 1988번지 0,전남,순천시,연향동,전남　순천시　연향동　１４６４－７　２층　　　　　　　　　　　　　　　　　　　　　　　　　　　　　　
광주은행,342506,0342506,서울특별시,강남구,서초동,남부순환로,2583,서울특별시 강남구 남부순환로,서울특별시 강남구 남부순환로 2583,서울,강남구,도곡동,서울　강남구　도곡동　９５２－６　용문빌딩　２층　　　　　　　　　　　　　　　　　　　　　　　　　　
광주은행,341730,0341730,광주광역시,서구,화정동,월드컵4강로,65,광주광역시 서구 월드컵4강로,광주광역시 서구 월드컵4강로 65,NAN,NAN,NAN,광주　서구　화정동　９１８의６　　　　　　　　　　　　　　　　　　　　　　　　　　　　　　　　　　　
광주은행,346081,0346081,전라남도,장흥군,장흥읍,중앙로,01월 19일,전라남도 장흥군 중앙로,전라남도 장흥군 중앙로 44580,전남,장흥군,장흥읍 건산리,전남　장흥군　장흥읍　건산리　３８６－１２　　　　　　　　　　　　　　　　　　　　　　　　　　　　　
광주은행,341743,0341743,광주광역시,남구,진월동,서대문로,735,광주광역시 남구 서대문로,광주광역시 남구 서대문로 735,광주,남구,진월동,광주광역시　남구　진월동　３１４－７번지　　　　　　　　　　　　　　　　　　　　　　　　　　　　　　
광주은행,346049,0346049,전라남도,해남군,해남읍,중앙1로,30,전라남도 해남군 중앙1로,전라남도 해남군 중앙1로 30,전남,해남군,해남읍 성내리,전남　해남군해남읍성내리３３　　９　　　　　　　　　　　　　　　　　　　　　　　　　　　　　　　　　
광주은행,341507,0341507,광주광역시,광산구,서봉동,어등대로,417,광주광역시 광산구 어등대로,광주광역시 광산구 어등대로 417,광주,광산구,서봉동,광주광역시　광산구　서봉동　５９－１　　　　　　　　　　　　　　　　　　　　　　　　　　　　　　　　
광주은행,341633,0341633,광주광역시,서구,화정동,화운로,1292,광주광역시 서구 화운로,광주광역시 서구 화운로 1292,광주,서구,화정동,광주광역시　서구　화운로　１５（농성동）　광주은행　화정지점　　　　　　　　　　　　　　　　　　　　
제주은행,356039,0356039,제주특별자치도,서귀포시,대정읍,하모상가로,Jan-45,제주특별자치도 서귀포시 하모상가로,제주특별자치도 서귀포시 하모상가로 16438,NAN,NAN,NAN,제주도　남군　대정읍　하모리　９１８－６번지　　　　　　　　　　　　　　　　　　　　　　　　　　　　
전북은행,374590,0374590,세종특별자치시,,아름동,아름서1길,12월 13일,세종특별자치시  아름서1길,세종특별자치시  아름서1길 44908,대전,서구,도안동,대전　서구　도안동로　３　리더스프라자에이　２０５호　　　　　　　　　　　　　　　　　　　　　　　　
전북은행,374710,0374710,성남시,분당구,삼평동,대왕판교로,606 47,성남시 분당구 대왕판교로,성남시 분당구 대왕판교로 606 47,경기,수원시 팔달구,매산로2가,경기도　수원시　팔달구　매산로　３７，（ＫＴ　　　　　　　　　　　　　　　　　　　　　　　　　　　　
전북은행,375201,0375201,전라북도,전주시덕진구,서노송동,노송광장로,10,전라북도 전주시덕진구 노송광장로,전라북도 전주시덕진구 노송광장로 10,전북,전주시 완산구,서노송동,전주시　완산구　노송광장로　１０　（서노송동）　　　　　　　　　　　　　　　　　　　　　　　　　　　
전북은행,375285,0375285,전라북도,전주시덕진구,동산동,쪽구름로,Jan-54,전라북도 전주시덕진구 쪽구름로,전라북도 전주시덕진구 쪽구름로 19725,전북,전주시 덕진구,여의동2가,전북　전주시　덕진구　쪽구름로　５４－１　　　　　　　　　　　　　　　　　　　　　　　　　　　　　　
전북은행,376022,0376022,전라북도,익산시,인화동,인북로,06월 28일,전라북도 익산시 인북로,전라북도 익산시 인북로 44740,전북,익산시,인화동1가,익산시　인북로　２８－６　（인화동１가）　　　　　　　　　　　　　　　　　　　　　　　　　　　　　　
전북은행,377610,0377610,전라북도,무주군,무주읍,주계로7길,101,전라북도 무주군 주계로7길,전라북도 무주군 주계로7길 101,전북,무주군,무주읍 읍내리,무주군　무주읍　주계로　１０１　　　　　　　　　　　　　　　　　　　　　　　　　　　　　　　　　　　
경남은행,395647,0395647,경상남도,사천시,사천읍,역사길,43061,경상남도 사천시 역사길,경상남도 사천시 역사길 43061,경남,사천시,사천읍 수석리,경상남도　사천시　사천읍　역사길　１１－２２　　　　　　　　　　　　　　　　　　　　　　　　　　　　
경남은행,396248,0396248,경상남도,창원시,의창구,진산대로,355,경상남도 창원시 진산대로,경상남도 창원시 진산대로 355,경남,창원시 의창구,대산면 제동리,경상남도　창원시　의창구　대산면　진산대로３５５번길　１４－１６　　　　　　　　　　　　　　　　　　
경남은행,396264,0396264,경상남도,창원시,성산구,성산로,60,경상남도 창원시 성산로,경상남도 창원시 성산로 60,경남,창원시 성산구,상남동,경상남도　창원시　성산구　상남로　６０（상남동）　오션타워　１０２호　　　　　　　　　　　　　　　　
경남은행,397409,0397409,부산광역시,강서구,범방동,가락대로 범방3로 29번길,39,부산광역시 강서구 가락대로 범방3로 29번길,부산광역시 강서구 가락대로 범방3로 29번길 39,경남,양산시,산막동,경남　양산시　산막동　９Ｂ－５Ｌ　　　　　　　　　　　　　　　　　　　　　　　　　　　　　　　　　　
경남은행,397535,0397535,경상남도,창원시,마산회원구,용마로,133,경상남도 창원시 용마로,경상남도 창원시 용마로 133,NAN,NAN,NAN,경상남도　창원시　마산회원구　용마로　１３３　메트로시티　상가　Ｃ동　１０２호　　　　　　　　　　　
경남은행,397360,0397360,경상남도,통영시,광도면,죽림2로,18172,경상남도 통영시 죽림2로,경상남도 통영시 죽림2로 18172,경남,통영시,광도면 죽림리,경상남도　통영시　광도면　죽림２로　４９－１０　미래메니컬빌딩　１０２호　　　　　　　　　　　　　　
